org_bucket,environmental,health,equity_justice,economic_cost_benefit,legal_constitutional,religious_moral,safety,scientific_technical,procedural,educational,other,unknown
advocacy,43.927578178627286,10.467691828661604,7.408128171196863,10.0211590038992,8.57965763457905,4.201371443128985,2.015766642370375,3.006135403471775,0.4274260319437269,2.612677003205695,7.259519782607157,0.07288887630828456
expert,6.898203887073392,29.090395341408883,3.995184156858891,25.22666404579965,6.618098724784392,0.06879775915870169,2.0971031229268533,13.615813656355193,0.7825745104302317,1.6622030025307748,9.878621096341433,0.06634069633160519
gov,22.766931493913077,6.191619962636776,3.0650161154564675,19.3200714417688,18.096528504855165,0.05542895855145655,2.3444396542875325,8.312290858327689,5.893945925971546,0.7267352343413193,11.01599228100429,2.210999568885878
individual,34.82246067313066,20.212672144698228,11.880162216031636,7.135332666109939,4.6865404679488405,2.5067094199618793,1.361406651409775,0.2226114358689947,0.2173921127395045,0.1586647669924162,16.731264090844377,0.06478335426374873
industry,3.443008814102564,4.054612379807692,0.17653245192307693,63.00205328525641,6.268780048076923,0.00500801282051282,1.9587590144230769,14.704777644230768,1.1743790064102564,0.05947015224358974,5.053084935897436,0.0995342548076923
labor,1.2686567164179103,5.298507462686567,6.082089552238806,30.447761194029848,3.2462686567164183,0.01865671641791045,38.88059701492537,0.7276119402985074,1.3246268656716418,3.731343283582089,8.955223880597014,0.01865671641791045
lawfirm,3.125,0.847457627118644,2.6747881355932206,12.84427966101695,67.37288135593221,0.05296610169491525,0.6885593220338982,4.846398305084746,3.7076271186440675,0.07944915254237289,2.992584745762712,0.7680084745762712
